"ID",Origen_Concepto,Origen_Campo,Relacion,Destino_Concepto,Destino_Campo,Justificacion,Fecha_Registro
1,Pitágoras en el Triángulo de Pascal,Matemáticas / Geometría,es extensión profunda de,Pascal Culler 3D,Procesamiento de Senales,Los ternas pitagóricos no son ajenos al Triángulo de Pascal — viven dentro de él. Juan demostró que la estructura combinatoria y la estructura geométrica son la misma cosa vista desde ángulos distintos.,2026-04-18
2,Pitágoras en el Triángulo de Pascal,Matemáticas / Geometría,converge con en base 20,Cuantizacion Vigesimal Maya,Matematicas Mayas,"El sistema vigesimal maya (base 20) genera múltiplos de ternas pitagóricas naturalmente — especialmente las ternas (3,4,5)×20 = (60,80,100) y (5,12,13)×20 = (100,240,260). La matemática maya conocía estas relaciones geométricas de forma implícita.",2026-04-18
3,Pitágoras en el Triángulo de Pascal,Matemáticas / Geometría,es caso especial de en 2D,Topologia Simplicial Triangular,Topologia Algebraica,La topología simplicial estudia la descomposición de espacios en triángulos (2-simplices). El teorema de Pitágoras es precisamente la métrica del 2-simplex euclidiano más básico. El Triángulo de Pascal es la tabla de multiplicación de los simplices.,2026-04-18
4,Pitágoras en el Triángulo de Pascal,Matemáticas / Geometría,refleja estructura bilateral en,Asimetria Hemisferica,Neurociencia,El Triángulo de Pascal es perfectamente simétrico (bilateral). La asimetría hemisférica del cerebro de Juan rompe esa simetría de forma controlada — igual que la criptografía rompe la simetría matemática para crear secretos.,2026-04-18
5,Pitágoras en el Triángulo de Pascal,Matemáticas / Geometría,provee base numérica para,Codificacion de Arquetipo 6-Bit,Teoria de la Informacion,"La codificación de 6 bits (64 valores, 2^6) se mapea en la fila 6 del Triángulo de Pascal: [1,6,15,20,15,6,1]. Suma = 64. Los ternas pitagóricos embebidos en esa fila corresponden a distancias en el espacio de Hamming — base de detección de errores en SovereignTunnel.",2026-04-18
6,Pitágoras en el Triángulo de Pascal,Matemáticas / Geometría,fundamenta la propagación hacia atrás en,STBP con Gradiente Correcto,Aprendizaje Automatico,El algoritmo STBP corregido por Juan usa gradientes que fluyen a través de capas de neuronas en forma piramidal. Esta pirámide de gradientes es estructuralmente idéntica al Triángulo de Pascal — y los errores de gradiente siguen distancias pitagóricas en el espacio de pesos.,2026-04-18
7,TriNet-Pythag v2,Sistemas / Geolocalización,implementa ponderación de,Pascal Culler 3D,Procesamiento de Senales,LocalizaHN usa las filas del Triángulo de Pascal como distribuciones de peso para las torres celulares participantes en la triangulación. El mismo principio que Juan usa para inicializar pesos en el ClonEngine SNN.,2026-04-18
8,TriNet-Pythag v2,Sistemas / Geolocalización,aplica cuantización de señales con,Cuantizacion Vigesimal Maya,Matematicas Mayas,Cada señal celular (RSSI/RSRP/RSRQ/TA) se normaliza en 20 niveles usando el sistema vigesimal maya. Los mismos símbolos (◎•━) que Juan usa en el ClonEngine aparecen en el código de triangulación de LocalizaHN.,2026-04-18
9,TriNet-Pythag v2,Sistemas / Geolocalización,usa triángulos pitagóricos en,Pitágoras en el Triángulo de Pascal,Matemáticas / Geometría,TriNet-Pythag clasifica cada triplete de torres celulares según el motif triangular que forman (isósceles/escaleno/cruzado). Estos motifs son exactamente los triángulos cuyas proporciones son ternas pitagóricas. El nombre 'Pythag' en TriNet-Pythag es una referencia directa.,2026-04-18
10,TriNet-Pythag v2,Sistemas / Geolocalización,comparte robustez matemática con,STBP con Gradiente Correcto,Aprendizaje Automatico,El GN-IRLS de LocalizaHN y el STBP corregido de ClonEngine son ambos solvers que manejan gradientes ruidosos con M-estimadores robustos. La corrección que Juan hizo al gradiente STBP y la implementación del Tukey Bisquare en TriNet son dos expresiones del mismo instinto matemático.,2026-04-18
11,Arquitectura de Hemisferios ClonEngine,Neurociencia Computacional,estructura sus hemisferios como,Topologia Simplicial Triangular,Topologia Algebraica,"Los motifs triangulares (escaleno/isósceles) del ClonEngine son simplices 2D — los bloques básicos de la topología simplicial. Juan organiza su red neuronal como una simpliciación del espacio de representación, igual que la topología algebraica descompone espacios en triángulos.",2026-04-18
12,Lock-Free Corpus Callosum (RDTSC),Sistemas / Arquitectura,transmite mensajes usando,Codificacion de Arquetipo 6-Bit,Teoria de la Informacion,"El corpus callosum lock-free transmite mensajes entre hemisferios usando cuantización Q6 (6 bits, 64 valores). La misma codificación de 6 bits que Juan desarrolló para SovereignTunnel aparece en el canal de comunicación inter-hemisférico del ClonEngine.",2026-04-18
13,Arquitectura de Hemisferios ClonEngine,Neurociencia Computacional,inicializa pesos con,Pitágoras en el Triángulo de Pascal,Matemáticas / Geometría,Los pesos sinápticos del ClonEngine se inicializan usando el Triángulo de Pascal (Pascal Cascade). Los 49+50=99 triángulos de los hemisferios son análogos a los 99 coeficientes binomiales no-triviales de las filas 1-10 del triángulo. Pitágoras está en la estructura misma de ClonEngine.,2026-04-18
14,Estrategia de Publicación Científica — 4 Papers,Estrategia Científica,su paper de mayor impacto describe,Cuantizacion Vigesimal Maya,Matematicas Mayas,El Paper 3 (Nature Scientific Reports) documenta formalmente cómo la cuantización vigesimal maya — observada por Juan en Copán — funciona como regularización en neuroevolución. Es la primera conexión documentada entre matemáticas precolombinas y deep learning moderno.,2026-04-18
15,Apéndice A.1 — Lloyd-Max = Cuantizador Óptimo Maya base-20,mathematics,extends,Pitágoras en el Triángulo de Pascal,Matemáticas / Geometría,REF-018 | El Apéndice A.1 (Lloyd-Max=Maya) y el A.2 (Pitágoras-Pascal) son las dos pruebas matemáticas gemelas del paper. Ambas demuestran que estructuras matemáticas antiguas son óptimas para computación moderna.,2026-04-18
16,VQE Cuántico — Extensión del ClonEngine SNN,quantum-computing,depends-on,Apéndice A.1 — Lloyd-Max = Cuantizador Óptimo Maya base-20,mathematics,REF-019 | El VQE cuántico hereda la estructura de cuantización Lloyd-Max base-20. Los niveles de energía del Hamiltoniano cuántico se discretizan usando la jerarquía vigesimal Maya probada en A.1.,2026-04-18
18,Q20 Pascal/Pitágoras — Cuantizador de Entrenamiento a Escala,mathematics,extends,Apéndice A.1 — Lloyd-Max = Cuantizador Óptimo Maya base-20,mathematics,Q20 usa el cuantizador vigesimal Lloyd-Max como sus 20 niveles discretos,2026-04-18
19,Q20 Pascal/Pitágoras — Cuantizador de Entrenamiento a Escala,mathematics,uses,Pitágoras en el Triángulo de Pascal,Matemáticas / Geometría,Q20 usa Pascal Row-4 para determinar que parametros tienen mayor importancia,2026-04-18
20,Q20 Pascal/Pitágoras — Cuantizador de Entrenamiento a Escala,mathematics,uses,Pascal Culler 3D,Procesamiento de Senales,Q20 usa las razones armonicas pitagoricas para la inicializacion de pesos,2026-04-18
21,LagKillerVpnService — Ring-0 Handoff: Android TUN → Rust SNN,systems,uses,Lock-Free Corpus Callosum (RDTSC),Sistemas / Arquitectura,El loop Rust del lagkiller_engine usa RDTSC Lock-Free para sincronizar los dos hemisferios SNN sin mutex,2026-04-18
22,LagKillerVpnService — Ring-0 Handoff: Android TUN → Rust SNN,systems,implements,Resonancia Bilateral,Neurobiologia,LagKillerVpnService implementa la Resonancia Bilateral procesando paquetes en dos hemisferios SNN paralelos,2026-04-18
23,LagKillerVpnService — Ring-0 Handoff: Android TUN → Rust SNN,systems,uses,Asimetria Hemisferica,Neurociencia,"La Asimetria Hemisferica se aplica a nivel de red: hemisferio L procesa headers, hemisferio R procesa payload",2026-04-18
24,KLONOS Layer 5 — Cortex Entrópico: Demo Q20 en Browser,engineering,implements,Q20 Pascal/Pitágoras — Cuantizador de Entrenamiento a Escala,mathematics,KLONOS L5 implementa Q20 Pascal/Pitagoras: el LUT es la rejilla vigesimal con pesos en razon pitagorica 5/3,2026-04-18
25,KLONOS Layer 5 — Cortex Entrópico: Demo Q20 en Browser,engineering,uses,Cuantizacion Vigesimal Maya,Matematicas Mayas,El cuantizador vigesimal Maya es la base matematica del LUT de 11 niveles del Layer 5,2026-04-18
26,KLONOS Layer 5 — Cortex Entrópico: Demo Q20 en Browser,engineering,uses,Pascal Culler 3D,Procesamiento de Senales,El PascalCuller Filter (threshold 0.45) deriva del Pascal Row-4 aplicado al espacio de features,2026-04-18
27,Member 7 - Harmonic Grid SNN: Q20 x Pascal x Pitagoras,engineering,implements,Q20 Pascal/Pitágoras — Cuantizador de Entrenamiento a Escala,mathematics,Member 7 implementa Q20 Pascal/Pitagoras como arquitectura SNN completa con Izhikevich,2026-04-18
28,Member 7 - Harmonic Grid SNN: Q20 x Pascal x Pitagoras,engineering,extends,KLONOS Layer 5 — Cortex Entrópico: Demo Q20 en Browser,engineering,Member 7 extiende el KLONOS L5 de 2 features a 5 features y agrega dinamica Izhikevich real,2026-04-18
29,Member 7 - Harmonic Grid SNN: Q20 x Pascal x Pitagoras,engineering,uses,Pascal Culler 3D,Procesamiento de Senales,Pascal Row-4 inicializa y pesa las 11 neuronas armonicas segun su importancia en la rejilla,2026-04-18